File Name,Folder,File Type
"architectural-drawing-transparent.webp","assets/","WEBP"
"blueprint-background.webp","assets/","WEBP"
"blueprint-bg-darker.webp","assets/","WEBP"
"blueprint-master.webp","assets/","WEBP"
"customer-technician-conversation.webp","assets/","WEBP"
"customer-technician.webp","assets/","WEBP"
"electrician-hero.webp","assets/","WEBP"
"engineering-schematics.jpg","assets/","JPG"
"erik-electrical-toughjobs.webp","assets/","WEBP"
"forest-background-green.webp","assets/","WEBP"
"girl-saw.webp","assets/","WEBP"
"google-profile-optimization.webp","assets/","WEBP"
"google-search-plummers.webp","assets/","WEBP"
"insight-before-after.webp","assets/","WEBP"
"insight-load-time-chart.webp","assets/","WEBP"
"local-prominence.webp","assets/","WEBP"
"messy-tech.webp","assets/","WEBP"
"mold-asbestos-remediation.png","uploads/","PNG"
"partnership-schematics.webp","assets/","WEBP"
"partnership-schematics.webp","uploads/","WEBP"
"plumbing.webp","assets/","WEBP"
"plumbing.webp","uploads/","WEBP"
"pools.webp","assets/","WEBP"
"powerline-electrician-bg.webp","assets/","WEBP"
"powerline-electrician-c.png","uploads/","PNG"
"powerline-electrician.webp","assets/","WEBP"
"primer-page-appliance-repair-1.webp","assets/","WEBP"
"primer-page-auto-detailing-1.webp","assets/","WEBP"
"primer-page-auto-repair-1.webp","assets/","WEBP"
"primer-page-carpet-cleaning-1.webp","assets/","WEBP"
"primer-page-concrete-paving-1.webp","assets/","WEBP"
"primer-page-electricians-1.webp","assets/","WEBP"
"primer-page-excavation-1.webp","assets/","WEBP"
"primer-page-fencing-1.webp","assets/","WEBP"
"primer-page-framing-drywall-1.webp","assets/","WEBP"
"primer-page-garage-doors-1.webp","assets/","WEBP"
"primer-page-general-contractors-1.webp","assets/","WEBP"
"primer-page-handyman-1.webp","assets/","WEBP"
"primer-page-hvac-1.webp","assets/","WEBP"
"primer-page-janitorial-1.webp","assets/","WEBP"
"primer-page-junk-removal-1.webp","assets/","WEBP"
"primer-page-landscaping-1.webp","assets/","WEBP"
"primer-page-locksmiths-1.webp","assets/","WEBP"
"primer-page-masonry-1.webp","assets/","WEBP"
"primer-page-pest-control-1.webp","assets/","WEBP"
"primer-page-plumbing-1.webp","assets/","WEBP"
"primer-page-pools-1.webp","assets/","WEBP"
"primer-page-pressure-washing-1.webp","assets/","WEBP"
"primer-page-restoration-1.webp","assets/","WEBP"
"primer-page-roofing-1.webp","assets/","WEBP"
"primer-page-solar-1.webp","assets/","WEBP"
"primer-page-towing-1.webp","assets/","WEBP"
"primer-page-tree-service-1.webp","assets/","WEBP"
"seo-hero.webp","assets/","WEBP"
"sitelite-code.webp","assets/","WEBP"
"social-media-hero.webp","assets/","WEBP"
"speed-gauge.webp","assets/","WEBP"
"toughjobs-logo-2026-13768d16.png","uploads/","PNG"
"toughjobs-logo-2026.png","uploads/","PNG"
"toughjobs-logo-2026.webp","assets/","WEBP"
"toughjobs-monogram-logo.webp","assets/","WEBP"
"trade-hero-appliance-repair.webp","assets/","WEBP"
"trade-hero-auto-repair.webp","assets/","WEBP"
"trade-hero-carpet-cleaning.webp","assets/","WEBP"
"trade-hero-concrete-paving.webp","assets/","WEBP"
"trade-hero-electricians.webp","assets/","WEBP"
"trade-hero-excavation.webp","assets/","WEBP"
"trade-hero-fencing.webp","assets/","WEBP"
"trade-hero-framing-drywall.webp","assets/","WEBP"
"trade-hero-general-contractors.webp","assets/","WEBP"
"trade-hero-handyman.webp","assets/","WEBP"
"trade-hero-hvac.webp","assets/","WEBP"
"trade-hero-janitorial.webp","assets/","WEBP"
"trade-hero-junk-removal.webp","assets/","WEBP"
"trade-hero-landscaping.webp","assets/","WEBP"
"trade-hero-locksmiths.webp","assets/","WEBP"
"trade-hero-masonry.webp","assets/","WEBP"
"trade-hero-painters.webp","assets/","WEBP"
"trade-hero-pest-control.webp","assets/","WEBP"
"trade-hero-plumbing.webp","assets/","WEBP"
"trade-hero-pools.webp","assets/","WEBP"
"trade-hero-pressure-washing.webp","assets/","WEBP"
"trade-hero-restoration.webp","assets/","WEBP"
"trade-hero-roofing.webp","assets/","WEBP"
"trade-hero-solar.webp","assets/","WEBP"
"trade-hero-towing.webp","assets/","WEBP"
"trade-hero-tree-service.webp","assets/","WEBP"
"website-speed-improtance.webp","assets/","WEBP"
"white-engineering-background.webp","assets/","WEBP"
"woman-drill-philosophy.webp","assets/","WEBP"
"woman-drill-philosophy.webp","uploads/","WEBP"
"woman-drill.webp","assets/","WEBP"
"woman-jackhammer-transparent.webp","assets/","WEBP"
"woman-mower.webp","assets/","WEBP"
"woman-trowel-fullbody.webp","assets/","WEBP"
"wrap-sedan-herbert.webp","assets/","WEBP"
"wrap-trailer-guacnroll.webp","assets/","WEBP"
"wrap-truck-erik.webp","assets/","WEBP"
"wrench-worker-hero.webp","assets/","WEBP"
